{
  "method_config":{
    "n_top_hvg":2000,
    "n_pc":30,
    "k_expr":80,
    "sigma_quantile":0.6,
    "n_perm":1000,
    "alpha":0.05,
    "seed":0
  },
  "region_config":{
    "min_samples":7,
    "min_cluster_size":20
  },
  "n_total_spots":19066,
  "n_genes":26124,
  "target_sample":"GSM5519059_heme_1000",
  "sigma":780.5726574536,
  "tau_high":0.3551698486,
  "n_significant":1121,
  "AUROC":0.9722477667,
  "AUPRC":0.9229096818,
  "Moran_I":0.9368433442,
  "Region_precision":0.7461024499,
  "Region_recall":0.9517045455,
  "Region_Jaccard":0.7188841202,
  "Region_Dice":0.836454432,
  "Region_size":898.0,
  "Reference_region_size":704.0,
  "Region_overlap":670.0,
  "eps":83.7257427557,
  "n_sig":1121,
  "n_clusters_total":8,
  "n_clusters_retained":1,
  "retained_cluster_sizes":[
    898
  ],
  "n_noise_sig":163
}